29607,66.249.73.135,success,1558430847
2133,50.16.19.13,success,1558430857
6745,66.249.73.185,success,1558430859
76456,110.136.166.128,success,1558430853
8345,46.105.14.53,success,1558430855
76456,110.136.166.128,success,1558430857
76456,110.136.166.128,success,1558430854
76456,110.136.166.128,fail,1558430859
76456,110.136.166.128,success,1558430861
3464,123.125.71.35,success,1558430860
76456,110.136.166.128,success,1558430865
1035,83.149.9.216,fail,1558430842
1035,83.149.9.216,fail,1558430843
1035,83.149.24.26,fail,1558430844
